age,share_1994_pct,share_2023_pct
20,0.05,0.03
21,0.06,0.03
22,0.13,0.05
23,0.15,0.07
24,0.18,0.1
25,0.23,0.14
26,0.35,0.28
27,0.51,0.35
28,0.67,0.5
29,0.84,0.64
30,0.99,0.74
31,1.22,0.9
32,1.33,1
33,1.56,1.24
34,1.71,1.36
35,1.9,1.5
36,2.14,1.7
37,2.35,1.81
38,2.64,1.9
39,2.91,2.03
40,3.03,2.08
41,3.23,2.23
42,3.4,2.46
43,3.67,2.77
44,3.81,2.87
45,4.04,3.25
46,4.55,3.31
47,4.9,3.63
48,5.25,3.96
49,4.92,4.15
50,4.57,4.08
51,4.24,4.37
52,3.92,4.39
53,3.3,4.17
54,3.22,3.89
55,2.85,4.04
56,2.88,4.2
57,2.49,4.28
58,2.26,3.93
59,2.08,3.51
60,1.59,3.23
61,1.32,2.73
62,1.06,2.36
63,0.89,2.17
64,0.73,1.74
