age,rho
25,0.0011764850426954482
26,0.0012517462212599548
27,0.0013343910727584508
28,0.0015164371619138177
29,0.001596106327730132
30,0.0017197866301447528
31,0.001832848737533912
32,0.0019576602794200105
33,0.0021440049319640447
34,0.0024192122209648285
35,0.0026153557253059644
36,0.0027165995631279307
37,0.0030538590777063343
38,0.0032475349579671976
39,0.0037146214852749825
40,0.004011452491383472
41,0.00413801975192982
42,0.004352834901563296
43,0.0045640671157181414
44,0.0047471405950699815
45,0.004895171724300416
46,0.0052760751250363344
47,0.0053217083611955774
48,0.005454319432905825
49,0.005957545880290163
50,0.006341235986439364
51,0.006594484934883318
52,0.007316537369870784
53,0.007579158891617812
54,0.008177917914487506
55,0.008516580557922555
56,0.009268696047568886
57,0.01026320022470832
58,0.014319826815472465
59,0.17251884044271787
60,0.09626730499760011
61,0.14473230924274147
62,0.16308539203971395
63,0.14158710213749431
64,0.34141743555281284
65,0.2269715446430306
66,0.5026508941526445
67,0.2806041131467263
68,0.2480740913747443
69,0.2917570807306126
70,0.2476296279637885
71,0.21796106309417476
72,0.19709375227514797
73,0.17530535477332979
74,0.20570702156073184
75,0.16465985994170118
76,0.14289336507621556
77,0.12565260684088275
78,0.11421373013843095
79,0.10236596555212088
