age,wage_index_1994,wage_index_2023
20,100,100
21,118.4,125.4
22,133.8,145.6
23,148.4,158.5
24,162.2,173.7
25,173.8,189.1
26,186.1,212.4
27,199.2,233.1
28,210,248.9
29,219.2,259.2
30,226.1,271.1
31,232.2,280.1
32,236.9,287.9
33,241.6,295
34,245.4,301.1
35,249.2,309.5
36,253.8,315.8
37,257,324.8
38,261.5,327.9
39,264.5,333.2
40,265.5,339.3
41,269.8,341.5
42,273.3,346.1
43,276.7,352.3
44,276,357.3
45,279.8,359.9
46,283.6,362.2
47,285.1,365.3
48,286.6,368.6
49,287.4,374
50,287.8,376
51,289.7,376.7
52,287.4,377.5
53,282.8,377.7
54,282.8,375.6
55,283.1,373.7
56,284.7,371.4
57,281.3,372.1
58,282.8,367.6
59,281.4,363
60,292.9,359.8
61,300,353.1
62,301.8,350.8
63,308,346.5
64,312.6,355.3
