age,year,share_retired,N
25,1994,1,73854
26,1994,1,77202
27,1994,1,83410
28,1994,1,89126
29,1994,1,86048
30,1994,1,83881
31,1994,1,82503
32,1994,1,78666
33,1994,1,76396
34,1994,1,76474
35,1994,1,74341
36,1994,1,74102
37,1994,1,74300
38,1994,1,75282
39,1994,1,74134
40,1994,1,73774
41,1994,1,74788
42,1994,1,73402
43,1994,1,72506
44,1994,1,75001
45,1994,1,74684
46,1994,1,78823
47,1994,1,83940
48,1994,1,86860
49,1994,1,83950
50,1994,1,79638
51,1994,1,73138
52,1994,1,68637
53,1994,1,61389
54,1994,1,60113
55,1994,1,57459
56,1994,1,56882
57,1994,1,54526
58,1994,1,52950
59,1994,1,51234
60,1994,1,49800
61,1994,1,47614
62,1994,1,47456
63,1994,1,46926
64,1994,1,46641
65,1994,1,45496
66,1994,1,45945
67,1994,1,44547
68,1994,1,44670
69,1994,1,44105
70,1994,1,43982
71,1994,1,42738
72,1994,1,40814
73,1994,1,41509
74,1994,1,41726
75,1994,1,33753
76,1994,1,34004
77,1994,1,31390
78,1994,1,29915
79,1994,1,27946
80,1994,1,27467
25,1995,.98759103,73737
26,1995,.98491484,74444
27,1995,.9842236,77711
28,1995,.98347628,83940
29,1995,.98052579,89657
30,1995,.97997135,86576
31,1995,.97694999,84512
32,1995,.97548342,83005
33,1995,.97333366,79126
34,1995,.9706977,76854
35,1995,.96750218,76959
36,1995,.96465868,74785
37,1995,.96089113,74510
38,1995,.95857459,74616
39,1995,.9551909,75565
40,1995,.95006377,74475
41,1995,.94357407,74044
42,1995,.94169253,74999
43,1995,.93725336,73486
44,1995,.93410122,72581
45,1995,.93124169,75060
46,1995,.92724621,74704
47,1995,.92552352,78790
48,1995,.91931307,83855
49,1995,.91619951,86694
50,1995,.9088499,83741
51,1995,.90085608,79430
52,1995,.89289731,72874
53,1995,.88028479,68404
54,1995,.86666882,61141
55,1995,.8536182,59864
56,1995,.8438096,57161
57,1995,.82889032,56531
58,1995,.80758357,54117
59,1995,.78327018,52517
60,1995,.54030985,50732
61,1995,.45486307,49228
62,1995,.38400102,46953
63,1995,.31107977,46779
64,1995,.27598077,46188
65,1995,.25549659,45801
66,1995,.24641351,44612
67,1995,.050252374,44973
68,1995,.037079662,43447
69,1995,.028824681,43435
70,1995,.017253472,42774
71,1995,.012518496,42577
72,1995,.011001287,41177
73,1995,.0092201112,39262
74,1995,.0080724256,39765
75,1995,.0075652851,39787
76,1995,.0068672742,32036
77,1995,.005781245,32173
78,1995,.0052488996,29530
79,1995,.004755775,27966
80,1995,.0048508183,25975
25,1996,.98652923,77798
26,1996,.98628604,74231
27,1996,.98361725,74957
28,1996,.98273522,78078
29,1996,.98187083,84229
30,1996,.97881985,90037
31,1996,.97812402,86899
32,1996,.97499382,84659
33,1996,.97328353,83282
34,1996,.97078073,79297
35,1996,.96794087,77014
36,1996,.96467221,77163
37,1996,.96108806,74887
38,1996,.95717901,74683
39,1996,.95451134,74656
40,1996,.9503653,75552
41,1996,.945553,74421
42,1996,.93849373,74025
43,1996,.93641704,74910
44,1996,.9321332,73379
45,1996,.92828447,72439
46,1996,.92535299,74926
47,1996,.92135376,74549
48,1996,.91894919,78568
49,1996,.91166663,83649
50,1996,.90814179,86394
51,1996,.90052301,83366
52,1996,.89257431,79050
53,1996,.88344628,72473
54,1996,.87108874,67977
55,1996,.85556304,60767
56,1996,.84098738,59511
57,1996,.83004373,56744
58,1996,.81415063,56040
59,1996,.78541172,53591
60,1996,.50359797,51974
61,1996,.42939463,50152
62,1996,.38349965,48605
63,1996,.30457532,46248
64,1996,.2644048,46009
65,1996,.24002384,45308
66,1996,.23291759,44900
67,1996,.047072593,43571
68,1996,.034947827,43894
69,1996,.028988589,42327
70,1996,.016908156,42169
71,1996,.012982313,41441
72,1996,.010183448,41047
73,1996,.0093863541,39632
74,1996,.0078062769,37662
75,1996,.0068983678,37980
76,1996,.0060263257,37834
77,1996,.0054733092,30329
78,1996,.0050677354,30191
79,1996,.0046267849,27665
80,1996,.0044880891,26069
25,1997,.98660541,78987
26,1997,.98541194,78009
27,1997,.98499972,74532
28,1997,.98224276,75068
29,1997,.981543,78236
30,1997,.97996593,84506
31,1997,.97678244,90018
32,1997,.97641009,86944
33,1997,.97266424,84907
34,1997,.97083765,83361
35,1997,.96794063,79384
36,1997,.96497166,77109
37,1997,.96176749,77238
38,1997,.95728719,74919
39,1997,.95345473,74637
40,1997,.95028794,74670
41,1997,.94519639,75433
42,1997,.94025594,74384
43,1997,.93327385,73944
44,1997,.93131095,74830
45,1997,.92662418,73253
46,1997,.92216861,72323
47,1997,.91868657,74797
48,1997,.9145813,74328
49,1997,.91208297,78267
50,1997,.90362573,83321
51,1997,.90005457,86097
52,1997,.89181823,82916
53,1997,.88463545,78681
54,1997,.87435949,72015
55,1997,.86063194,67598
56,1997,.84406757,60321
57,1997,.82744485,59042
58,1997,.81695372,56259
59,1997,.7894491,55616
60,1997,.49857774,53085
61,1997,.40910861,51380
62,1997,.35818726,49516
63,1997,.29607981,47906
64,1997,.25596783,45494
65,1997,.23033249,45265
66,1997,.21823744,44447
67,1997,.04691634,43844
68,1997,.033707071,42543
69,1997,.028210526,42750
70,1997,.017300533,41097
71,1997,.013087085,40880
72,1997,.011011236,40050
73,1997,.008932638,39518
74,1997,.0082833702,38028
75,1997,.0070143337,36069
76,1997,.0063063563,36154
77,1997,.0055420948,35907
78,1997,.0048700161,28542
79,1997,.0049660127,28393
80,1997,.0038791264,25779
25,1998,.98603272,75462
26,1998,.98495156,79211
27,1998,.98382169,78253
28,1998,.98384225,74639
29,1998,.98062074,75235
30,1998,.97991544,78269
31,1998,.97812051,84417
32,1998,.9746151,90093
33,1998,.97431898,87146
34,1998,.9702425,84987
35,1998,.96812987,83401
36,1998,.96487761,79465
37,1998,.96190006,77113
38,1998,.95802176,77302
39,1998,.9533999,74914
40,1998,.94975394,74573
41,1998,.94684356,74610
42,1998,.94051737,75417
43,1998,.93572831,74294
44,1998,.92837679,73775
45,1998,.92664003,74632
46,1998,.92108178,73101
47,1998,.91598153,72127
48,1998,.91231835,74531
49,1998,.90860868,74088
50,1998,.90542448,77980
51,1998,.89579791,82935
52,1998,.89279842,85717
53,1998,.88528669,82449
54,1998,.87718493,78264
55,1998,.86572433,71666
56,1998,.85258597,67151
57,1998,.83421504,59921
58,1998,.81706154,58588
59,1998,.79761416,55745
60,1998,.4938229,55042
61,1998,.40074655,52507
62,1998,.34900889,50801
63,1998,.27878961,48811
64,1998,.24790968,47122
65,1998,.22378811,44703
66,1998,.21113516,44346
67,1998,.044881366,43537
68,1998,.033260047,42754
69,1998,.026362123,41461
70,1998,.017493272,41616
71,1998,.013449427,39853
72,1998,.011418588,39497
73,1998,.009646968,38665
74,1998,.007955743,37960
75,1998,.00756846,36335
76,1998,.0061160298,34336
77,1998,.0054684547,34379
78,1998,.0051026428,33904
79,1998,.0046895938,26868
80,1998,.005016407,26513
25,1999,.98562068,75386
26,1999,.98505235,75664
27,1999,.98417437,79365
28,1999,.98272383,78258
29,1999,.98280382,74726
30,1999,.97934228,75323
31,1999,.97853935,78376
32,1999,.97673595,84508
33,1999,.97319746,90178
34,1999,.97254068,87220
35,1999,.96854943,84927
36,1999,.96618873,83345
37,1999,.96280688,79504
38,1999,.95938247,77085
39,1999,.95544082,77268
40,1999,.9505437,74854
41,1999,.94680905,74524
42,1999,.94358128,74532
43,1999,.93747675,75316
44,1999,.93207496,74170
45,1999,.92495722,73598
46,1999,.92284232,74432
47,1999,.91712308,72855
48,1999,.91191244,71883
49,1999,.90762866,74233
50,1999,.90342027,73825
51,1999,.9002679,77648
52,1999,.89069557,82595
53,1999,.8873114,85297
54,1999,.88030446,81983
55,1999,.87141591,77739
56,1999,.86028081,71157
57,1999,.84643203,66635
58,1999,.82724506,59431
59,1999,.80354774,58065
60,1999,.50474864,55174
61,1999,.39706802,54434
62,1999,.34192431,51915
63,1999,.27418196,50120
64,1999,.2341568,48049
65,1999,.21750949,46352
66,1999,.20623747,43896
67,1999,.043175586,43381
68,1999,.031270605,42468
69,1999,.026212288,41698
70,1999,.016964706,40319
71,1999,.013464347,40403
72,1999,.011213549,38614
73,1999,.010088272,38064
74,1999,.0087379683,37194
75,1999,.0073966123,36368
76,1999,.0069260071,34652
77,1999,.0056805969,32567
78,1999,.0048977328,32464
79,1999,.0047092806,31852
80,1999,.0041917842,25049
25,2000,.98679453,76105
26,2000,.98454839,75526
27,2000,.98390543,75802
28,2000,.98301607,79428
29,2000,.98142689,78339
30,2000,.98141718,74854
31,2000,.97757655,75323
32,2000,.97683543,78482
33,2000,.97532952,84514
34,2000,.97128379,90193
35,2000,.96991092,87241
36,2000,.9663462,84983
37,2000,.96388936,83355
38,2000,.96042091,79537
39,2000,.95628428,77089
40,2000,.95248079,77253
41,2000,.94725925,74743
42,2000,.94327003,74458
43,2000,.93954778,74472
44,2000,.93371797,75224
45,2000,.92790288,74039
46,2000,.92052031,73415
47,2000,.91836077,74229
48,2000,.91269666,72586
49,2000,.90759373,71651
50,2000,.90267545,73969
51,2000,.89808214,73520
52,2000,.89513999,77284
53,2000,.88488686,82180
54,2000,.88170487,84864
55,2000,.87473309,81482
56,2000,.86549145,77207
57,2000,.85371029,70668
58,2000,.84096926,66069
59,2000,.81388873,58868
60,2000,.54208779,57487
61,2000,.43114409,54585
62,2000,.34882686,53829
63,2000,.2766082,51206
64,2000,.23741138,49370
65,2000,.2080964,47305
66,2000,.20230794,45495
67,2000,.043699827,42975
68,2000,.030749639,42407
69,2000,.025150856,41430
70,2000,.017705871,40608
71,2000,.013200307,39090
72,2000,.011605614,39119
73,2000,.010525751,37242
74,2000,.0088466583,36624
75,2000,.0078223571,35667
76,2000,.0066490127,34742
77,2000,.0063506532,32910
78,2000,.0055515878,30802
79,2000,.0045903143,30499
80,2000,.0045979326,29796
25,2001,.98644298,70812
26,2001,.98556763,76356
27,2001,.9830963,75723
28,2001,.98241526,75975
29,2001,.98169273,79586
30,2001,.97987998,78330
31,2001,.97963238,74972
32,2001,.97567677,75360
33,2001,.97509325,78533
34,2001,.9729442,84492
35,2001,.96907252,90211
36,2001,.96752828,87276
37,2001,.96362376,84973
38,2001,.96073347,83328
39,2001,.95742995,79516
40,2001,.95279223,77000
41,2001,.94849271,77290
42,2001,.94363785,74731
43,2001,.93976068,74370
44,2001,.93576252,74318
45,2001,.92922866,75101
46,2001,.92331213,73910
47,2001,.91601467,73239
48,2001,.91355169,73998
49,2001,.90792185,72319
50,2001,.90215111,71406
51,2001,.89683604,73611
52,2001,.89205289,73184
53,2001,.88909394,76939
54,2001,.87821746,81703
55,2001,.87553185,84375
56,2001,.8691622,80917
57,2001,.86025661,76619
58,2001,.84759665,70110
59,2001,.83009958,65456
60,2001,.54789895,58352
61,2001,.47403452,56941
62,2001,.36604893,53960
63,2001,.27807143,53159
64,2001,.23743957,50476
65,2001,.21026547,48629
66,2001,.19285376,46486
67,2001,.045528967,44587
68,2001,.031306498,42036
69,2001,.025351023,41379
70,2001,.016936123,40328
71,2001,.013932516,39476
72,2001,.012126176,37852
73,2001,.010327569,37763
74,2001,.0097339209,35854
75,2001,.007777778,35100
76,2001,.0072656958,34133
77,2001,.0064195734,33024
78,2001,.0059169694,31097
79,2001,.0053700111,28864
80,2001,.0041418043,28490
25,2002,.98687565,67051
26,2002,.98541468,70756
27,2002,.98419082,76348
28,2002,.9813593,75802
29,2002,.98061299,76185
30,2002,.97966069,79452
31,2002,.97791088,78319
32,2002,.97730058,75068
33,2002,.97319454,75619
34,2002,.97219813,78340
35,2002,.97008127,84529
36,2002,.96621644,90251
37,2002,.96423465,87431
38,2002,.95984,84761
39,2002,.95710939,83305
40,2002,.95361227,79396
41,2002,.94833332,77129
42,2002,.94380575,76983
43,2002,.93906134,74616
44,2002,.93506843,74232
45,2002,.930439,74352
46,2002,.92299563,74749
47,2002,.91731346,73700
48,2002,.90996987,73020
49,2002,.90712142,73946
50,2002,.90142196,71872
51,2002,.89507806,71110
52,2002,.8901825,73267
53,2002,.88473928,72965
54,2002,.88232672,76245
55,2002,.87068224,81234
56,2002,.86863846,83883
57,2002,.86160797,80561
58,2002,.85309094,75802
59,2002,.83400214,69525
60,2002,.55833113,64811
61,2002,.47306341,57821
62,2002,.36343083,56173
63,2002,.28379214,53289
64,2002,.23542091,52421
65,2002,.20886305,49870
66,2002,.19525957,47675
67,2002,.046309505,45563
68,2002,.033735435,43604
69,2002,.025321065,41191
70,2002,.017343054,40189
71,2002,.013155878,39146
72,2002,.012457236,38291
73,2002,.01092538,36612
74,2002,.0097914832,36256
75,2002,.0090961931,34410
76,2002,.0071006622,33518
77,2002,.0071577784,32552
78,2002,.0058744224,31152
79,2002,.0059812702,29258
80,2002,.0052220286,27001
25,2003,.98633158,67528
26,2003,.98553509,67197
27,2003,.98405451,70929
28,2003,.98248416,76445
29,2003,.98001742,75866
30,2003,.97922897,76212
31,2003,.97789782,79404
32,2003,.97563219,78259
33,2003,.97476596,74978
34,2003,.97049093,75570
35,2003,.96941876,78316
36,2003,.96673924,84484
37,2003,.96327913,90085
38,2003,.96049047,87346
39,2003,.95589972,84648
40,2003,.95315504,83232
41,2003,.94909543,79266
42,2003,.94384354,77017
43,2003,.93854183,76849
44,2003,.93415803,74451
45,2003,.92979068,74050
46,2003,.92551917,74207
47,2003,.91708058,74494
48,2003,.91173869,73475
49,2003,.9045909,72687
50,2003,.90085626,73691
51,2003,.89484799,71506
52,2003,.88890302,70794
53,2003,.88263845,72937
54,2003,.87796372,72544
55,2003,.87498021,75860
56,2003,.86353385,80716
57,2003,.86173832,83219
58,2003,.85450995,79868
59,2003,.83750618,75129
60,2003,.57095915,68779
61,2003,.49493375,64150
62,2003,.37106004,57139
63,2003,.29650545,55429
64,2003,.24679993,52577
65,2003,.20705341,51663
66,2003,.19188154,49098
67,2003,.04946287,46823
68,2003,.03216996,44669
69,2003,.026974272,42522
70,2003,.017497137,40178
71,2003,.01369828,39129
72,2003,.011649974,37940
73,2003,.011402724,36921
74,2003,.010079846,35318
75,2003,.0088879941,34766
76,2003,.0088172695,32890
77,2003,.0065688635,31969
78,2003,.0067107566,30846
79,2003,.0058981963,29331
80,2003,.0056577604,27396
25,2004,.98499197,64832
26,2004,.98488867,67499
27,2004,.98409051,67067
28,2004,.98218971,70914
29,2004,.98075843,76345
30,2004,.97824192,75650
31,2004,.97716701,75899
32,2004,.97600746,79483
33,2004,.97358066,78276
34,2004,.972332,74888
35,2004,.96751279,75322
36,2004,.96605563,78393
37,2004,.96395886,84348
38,2004,.95997071,90059
39,2004,.95720172,87153
40,2004,.95155311,84732
41,2004,.9490453,83113
42,2004,.94436657,79215
43,2004,.93970734,76676
44,2004,.93401921,76886
45,2004,.92934459,74276
46,2004,.9249692,73863
47,2004,.92001623,73815
48,2004,.91161227,74490
49,2004,.90593797,73207
50,2004,.89878452,72400
51,2004,.89475411,73162
52,2004,.88822722,71368
53,2004,.88180178,70441
54,2004,.8758086,72501
55,2004,.86931211,71973
56,2004,.86833817,75542
57,2004,.85617352,80173
58,2004,.85407162,82657
59,2004,.83855754,79087
60,2004,.58043587,74606
61,2004,.5063507,68103
62,2004,.38518742,63473
63,2004,.30209035,56354
64,2004,.2644051,54859
65,2004,.16788913,51808
66,2004,.18994129,50921
67,2004,.050560281,48101
68,2004,.033433132,46092
69,2004,.026329635,43715
70,2004,.019640407,41547
71,2004,.014026361,38998
72,2004,.012100055,38099
73,2004,.010318541,36730
74,2004,.010558832,35610
75,2004,.0087853773,33920
76,2004,.0082293442,33417
77,2004,.0084440624,31383
78,2004,.0063589336,30351
79,2004,.006425675,29102
80,2004,.005828476,27623
25,2005,.98523414,63254
26,2005,.98340261,65191
27,2005,.98364311,67739
28,2005,.98214895,67335
29,2005,.98028368,70855
30,2005,.97873956,76339
31,2005,.97591335,75602
32,2005,.97456324,76071
33,2005,.97337526,79212
34,2005,.97116405,78201
35,2005,.96936089,74839
36,2005,.96463233,75521
37,2005,.96265239,78104
38,2005,.9602626,84228
39,2005,.95678127,89961
40,2005,.9532665,87218
41,2005,.94743949,84417
42,2005,.94512218,83039
43,2005,.93969834,79036
44,2005,.93481374,76780
45,2005,.92897946,76499
46,2005,.92426264,74085
47,2005,.91982567,73652
48,2005,.9145993,73805
49,2005,.90535539,74056
50,2005,.89982861,72925
51,2005,.89169234,72054
52,2005,.88808697,73021
53,2005,.8815096,70799
54,2005,.87540495,70067
55,2005,.86792558,72073
56,2005,.86153162,71742
57,2005,.8599813,74940
58,2005,.84877414,79616
59,2005,.83961529,82034
60,2005,.59608161,78553
61,2005,.51968545,73633
62,2005,.39811376,67330
63,2005,.31508902,62741
64,2005,.26873487,55765
65,2005,.10815212,54035
66,2005,.14116333,51026
67,2005,.054977328,50057
68,2005,.035324939,47332
69,2005,.027908631,45004
70,2005,.019067449,42743
71,2005,.015344007,40537
72,2005,.011923208,38077
73,2005,.010998859,36822
74,2005,.0094214547,35451
75,2005,.0096573122,34171
76,2005,.0084826211,32655
77,2005,.0078986958,31904
78,2005,.0081224404,29794
79,2005,.0059583955,28699
80,2005,.0062600086,27476
25,2006,.98433065,59862
26,2006,.98366189,63716
27,2006,.98173332,65365
28,2006,.98188621,67904
29,2006,.98018169,67362
30,2006,.97806853,71085
31,2006,.97631544,76421
32,2006,.97358268,75670
33,2006,.97206748,75933
34,2006,.9710499,79447
35,2006,.96834803,78289
36,2006,.96620131,74855
37,2006,.96089023,75352
38,2006,.95918834,78311
39,2006,.95667773,84183
40,2006,.95317715,89892
41,2006,.94904274,86916
42,2006,.94270313,84577
43,2006,.94079286,82963
44,2006,.9347617,78972
45,2006,.93008381,76463
46,2006,.92394072,76585
47,2006,.91803032,73942
48,2006,.9140321,73446
49,2006,.90895218,73401
50,2006,.89925569,74029
51,2006,.89371949,72685
52,2006,.88462663,71689
53,2006,.88092971,72453
54,2006,.87428701,70653
55,2006,.86834478,69682
56,2006,.86064661,71638
57,2006,.85446519,71117
58,2006,.85296208,74593
59,2006,.83745426,78987
60,2006,.61018932,81301
61,2006,.54027683,77588
62,2006,.41246969,73009
63,2006,.32951406,66592
64,2006,.28535935,61985
65,2006,.11864777,54902
66,2006,.078665592,53327
67,2006,.054406725,50196
68,2006,.039176222,49188
69,2006,.029069139,46269
70,2006,.020199502,44110
71,2006,.015540686,41697
72,2006,.013585097,39455
73,2006,.01083709,36818
74,2006,.010071822,35644
75,2006,.0081510581,34106
76,2006,.0088882102,32740
77,2006,.0080251666,31152
78,2006,.0074707917,30385
79,2006,.007389775,28147
80,2006,.0054018055,27028
25,2007,.98340893,60635
26,2007,.98338085,60713
27,2007,.98247385,64418
28,2007,.98051095,66037
29,2007,.98037958,68449
30,2007,.97861004,67929
31,2007,.97639692,71516
32,2007,.97431523,76816
33,2007,.9714579,75958
34,2007,.97001326,76267
35,2007,.96899956,79644
36,2007,.96562618,78490
37,2007,.96358645,75027
38,2007,.95787621,75563
39,2007,.95621341,78540
40,2007,.95317805,84234
41,2007,.94983882,89970
42,2007,.94567692,86998
43,2007,.93902671,84578
44,2007,.93689263,82938
45,2007,.93043178,78901
46,2007,.92596471,76423
47,2007,.91964388,76497
48,2007,.91412789,73854
49,2007,.90956223,73299
50,2007,.90388554,73194
51,2007,.89435494,73728
52,2007,.8881337,72390
53,2007,.87928426,71366
54,2007,.87606657,72079
55,2007,.86935741,70291
56,2007,.8628974,69262
57,2007,.85507452,71140
58,2007,.84851187,70593
59,2007,.84485435,73995
60,2007,.63534641,78288
61,2007,.5577485,80461
62,2007,.43572778,76775
63,2007,.34651613,72190
64,2007,.29839739,65768
65,2007,.13515989,61135
66,2007,.08570531,54104
67,2007,.060948897,52503
68,2007,.041331686,49381
69,2007,.032250036,48217
70,2007,.021770811,45290
71,2007,.016073212,43053
72,2007,.013587493,40552
73,2007,.012293798,38312
74,2007,.010152854,35655
75,2007,.0091633694,34376
76,2007,.0076002688,32762
77,2007,.008623994,31308
78,2007,.0077313525,29749
79,2007,.007201002,28746
80,2007,.0070951427,26497
25,2008,.98250008,59886
26,2008,.98197991,61265
27,2008,.98174018,61282
28,2008,.98062193,65022
29,2008,.97836262,66459
30,2008,.97835505,68792
31,2008,.97650248,68220
32,2008,.97392887,71957
33,2008,.97218657,77121
34,2008,.96887088,76263
35,2008,.9667986,76563
36,2008,.96530169,79831
37,2008,.96217591,78680
38,2008,.95919424,75210
39,2008,.95375586,75815
40,2008,.95180279,78656
41,2008,.94874406,84478
42,2008,.9451822,89989
43,2008,.94064415,86967
44,2008,.93352234,84660
45,2008,.93173331,82998
46,2008,.92516482,78880
47,2008,.91995859,76348
48,2008,.91379333,76363
49,2008,.90757704,73683
50,2008,.90302378,73121
51,2008,.89669478,73036
52,2008,.88749301,73471
53,2008,.88092959,72117
54,2008,.87206602,71107
55,2008,.86855668,71780
56,2008,.86130333,69944
57,2008,.85533649,68884
58,2008,.84679627,70762
59,2008,.83783978,70159
60,2008,.6661039,73448
61,2008,.58382255,77676
62,2008,.4639174,79706
63,2008,.37521207,76037
64,2008,.31788301,71347
65,2008,.14407015,64892
66,2008,.09710025,60350
67,2008,.067439154,53248
68,2008,.047779325,51696
69,2008,.033653054,48584
70,2008,.023546321,47311
71,2008,.017612215,44401
72,2008,.013796712,42039
73,2008,.011877986,39569
74,2008,.010925882,37251
75,2008,.0089753615,34539
76,2008,.0083805621,33172
77,2008,.0073770233,31449
78,2008,.008057775,29909
79,2008,.0068305051,28402
80,2008,.0067180619,27240
25,2009,.98318833,61148
26,2009,.98061132,60293
27,2009,.97997731,61630
28,2009,.97959781,61709
29,2009,.9787696,65378
30,2009,.97598344,66704
31,2009,.97575855,69014
32,2009,.973912,68384
33,2009,.97085249,72116
34,2009,.96903843,77257
35,2009,.96557277,76335
36,2009,.96350467,76640
37,2009,.96170348,79955
38,2009,.95868009,78824
39,2009,.9548533,75310
40,2009,.94921452,75750
41,2009,.94690287,78573
42,2009,.94406068,84395
43,2009,.94045621,90001
44,2009,.93540525,86973
45,2009,.9276523,84550
46,2009,.92578429,82907
47,2009,.91934234,78765
48,2009,.91418785,76178
49,2009,.90752763,76239
50,2009,.9011969,73439
51,2009,.89619225,72904
52,2009,.89058179,72721
53,2009,.88085902,73199
54,2009,.87475085,71753
55,2009,.86527443,70677
56,2009,.86135936,71285
57,2009,.85388732,69508
58,2009,.8472147,68449
59,2009,.83733875,70238
60,2009,.67036772,69620
61,2009,.59094906,72744
62,2009,.46804252,76946
63,2009,.37868202,78863
64,2009,.32902762,75094
65,2009,.15096802,70505
66,2009,.10542013,64039
67,2009,.075229205,59445
68,2009,.05336741,52429
69,2009,.0383677,50824
70,2009,.025743322,47624
71,2009,.018343477,46338
72,2009,.014971856,43348
73,2009,.011870741,40941
74,2009,.010946907,38367
75,2009,.0099980561,36007
76,2009,.0086349547,33237
77,2009,.0079260236,31794
78,2009,.0069801616,29942
79,2009,.0078373225,28326
80,2009,.0062789656,26756
25,2010,.98245502,63209
26,2010,.98107749,61514
27,2010,.97884542,60696
28,2010,.97779745,62065
29,2010,.97743827,61919
30,2010,.97679418,65587
31,2010,.97318745,66909
32,2010,.97296709,69064
33,2010,.97135395,68526
34,2010,.96761209,72280
35,2010,.96594965,77356
36,2010,.96199119,76456
37,2010,.95955855,76654
38,2010,.95792538,79977
39,2010,.95465779,78911
40,2010,.95015472,75293
41,2010,.94487345,75753
42,2010,.94256651,78543
43,2010,.93881834,84290
44,2010,.9358294,89901
45,2010,.93028963,86845
46,2010,.92219102,84399
47,2010,.91945577,82762
48,2010,.9136253,78611
49,2010,.90863019,75966
50,2010,.90184826,75964
51,2010,.89552891,73159
52,2010,.8900333,72622
53,2010,.88356733,72368
54,2010,.87398398,72832
55,2010,.86862624,71308
56,2010,.85788119,70237
57,2010,.85405129,70792
58,2010,.84683537,69076
59,2010,.83758432,67906
60,2010,.67104959,69664
61,2010,.60097092,69005
62,2010,.48343405,71985
63,2010,.39469707,76109
64,2010,.34243324,77986
65,2010,.15773581,74181
66,2010,.11010916,69531
67,2010,.080713369,63137
68,2010,.058776278,58510
69,2010,.042905957,51508
70,2010,.028171556,49873
71,2010,.020070761,46635
72,2010,.015272743,45244
73,2010,.013139483,42163
74,2010,.01041299,39662
75,2010,.0095592001,37137
76,2010,.0094508156,34706
77,2010,.0078215441,31963
78,2010,.0072241463,30315
79,2010,.0064761369,28412
80,2010,.007411289,26716
25,2011,.9824602,65280
26,2011,.98079759,63742
27,2011,.97928596,61987
28,2011,.97698605,60963
29,2011,.975618,62259
30,2011,.97525615,62076
31,2011,.97477269,65881
32,2011,.97080779,67107
33,2011,.97024512,69266
34,2011,.96847266,68734
35,2011,.96440864,72349
36,2011,.96261537,77465
37,2011,.95866054,76537
38,2011,.95603347,76672
39,2011,.95494378,79989
40,2011,.95045799,78822
41,2011,.94602889,75281
42,2011,.94079489,75686
43,2011,.93819839,78574
44,2011,.93421382,84197
45,2011,.9311862,89764
46,2011,.9258824,86754
47,2011,.91686267,84186
48,2011,.91417438,82621
49,2011,.90816873,78372
50,2011,.90340769,75741
51,2011,.89671159,75720
52,2011,.88876241,72916
53,2011,.88337272,72393
54,2011,.87797868,72012
55,2011,.86739105,72431
56,2011,.86235648,70886
57,2011,.85104829,69828
58,2011,.84638137,70317
59,2011,.8395496,68557
60,2011,.67917448,67398
61,2011,.60535687,69070
62,2011,.49945891,68380
63,2011,.4123379,71325
64,2011,.3595067,75331
65,2011,.16723776,77046
66,2011,.11604679,73186
67,2011,.084383756,68544
68,2011,.064082161,62217
69,2011,.04701791,57510
70,2011,.032890577,50592
71,2011,.022409422,48908
72,2011,.015900904,45532
73,2011,.012876315,44112
74,2011,.011639824,40980
75,2011,.0095562078,38509
76,2011,.0089614736,35820
77,2011,.00868259,33285
78,2011,.0075463071,30611
79,2011,.0064614741,28786
80,2011,.0064923018,26955
25,2012,.98222822,66510
26,2012,.98111945,65729
27,2012,.97945601,64155
28,2012,.97784019,62320
29,2012,.97551954,61110
30,2012,.97405761,62369
31,2012,.97348428,62265
32,2012,.97286665,66081
33,2012,.96895611,67324
34,2012,.96753389,69457
35,2012,.96597224,68885
36,2012,.96163565,72411
37,2012,.95968866,77596
38,2012,.95583379,76597
39,2012,.95281422,76718
40,2012,.95202881,80048
41,2012,.94693273,78881
42,2012,.94247276,75373
43,2012,.93739188,75709
44,2012,.9343375,78538
45,2012,.93030798,84156
46,2012,.92731833,89665
47,2012,.92168224,86647
48,2012,.91282678,84074
49,2012,.91028315,82426
50,2012,.90350729,78151
51,2012,.898238,75539
52,2012,.89151084,75473
53,2012,.8838858,72644
54,2012,.87818611,72110
55,2012,.87196875,71670
56,2012,.86191767,72015
57,2012,.85648185,70458
58,2012,.8456704,69371
59,2012,.83891648,69883
60,2012,.68857741,67988
61,2012,.61993957,66842
62,2012,.50737637,68462
63,2012,.43260965,67710
64,2012,.38138667,70616
65,2012,.17950816,74537
66,2012,.1233442,76096
67,2012,.090558924,72174
68,2012,.066119865,67544
69,2012,.051602472,61218
70,2012,.035732634,56447
71,2012,.026760507,49588
72,2012,.018930608,47859
73,2012,.013463616,44416
74,2012,.011436424,42933
75,2012,.01018074,39781
76,2012,.0084288511,37253
77,2012,.0085383207,34433
78,2012,.0082250265,31854
79,2012,.0066751102,29213
80,2012,.0059491023,27231
25,2013,.98305082,69620
26,2013,.98185498,67181
27,2013,.98068357,66213
28,2013,.97894913,64653
29,2013,.97724843,62677
30,2013,.97489858,61391
31,2013,.97355664,62700
32,2013,.97243851,62551
33,2013,.97200727,66303
34,2013,.96813893,67763
35,2013,.96664035,69665
36,2013,.96484625,69068
37,2013,.96061856,72623
38,2013,.95857829,77737
39,2013,.95460641,76773
40,2013,.9515177,76894
41,2013,.95069754,80138
42,2013,.94553727,78898
43,2013,.94086975,75376
44,2013,.93570751,75732
45,2013,.93256485,78594
46,2013,.92865044,84093
47,2013,.92560184,89599
48,2013,.91968828,86488
49,2013,.91106981,83931
50,2013,.90858477,82262
51,2013,.90140301,77903
52,2013,.89621717,75340
53,2013,.88919175,75211
54,2013,.88217878,72279
55,2013,.87524003,71866
56,2013,.86977005,71320
57,2013,.86031109,71559
58,2013,.85409379,70045
59,2013,.8424536,68894
60,2013,.690606,69342
61,2013,.62942958,67388
62,2013,.51802284,66277
63,2013,.44001475,67825
64,2013,.40050414,67043
65,2013,.18986346,69945
66,2013,.12923332,73642
67,2013,.09579467,75119
68,2013,.071822815,71203
69,2013,.05367168,66441
70,2013,.038244639,60113
71,2013,.027651932,55403
72,2013,.021925585,48619
73,2013,.016374495,46719
74,2013,.011189037,43346
75,2013,.010145102,41695
76,2013,.0093164481,38534
77,2013,.0078810323,35909
78,2013,.0079915244,33035
79,2013,.0074354336,30395
80,2013,.0065397262,27677
25,2014,.9854306,72618
26,2014,.98300618,70555
27,2014,.98162144,68014
28,2014,.98065066,66979
29,2014,.9789409,65340
30,2014,.97727668,63371
31,2014,.97494614,62226
32,2014,.97364765,63372
33,2014,.97258997,63225
34,2014,.97208196,66946
35,2014,.96805006,68263
36,2014,.96677554,70099
37,2014,.96481007,69537
38,2014,.96030104,73075
39,2014,.95826346,78109
40,2014,.95403731,77019
41,2014,.95083582,77109
42,2014,.94971657,80444
43,2014,.94485646,79012
44,2014,.93986464,75513
45,2014,.93465132,75824
46,2014,.93140453,78737
47,2014,.92755622,84217
48,2014,.92434907,89490
49,2014,.91858917,86389
50,2014,.90953434,83855
51,2014,.90734446,82089
52,2014,.89994723,77729
53,2014,.89485937,75166
54,2014,.88750619,74973
55,2014,.88048595,72025
56,2014,.87351024,71571
57,2014,.86800581,71041
58,2014,.8585664,71150
59,2014,.85199541,69660
60,2014,.77332884,68456
61,2014,.63918018,68846
62,2014,.53841668,66859
63,2014,.4578115,65634
64,2014,.410382,67174
65,2014,.1984994,66373
66,2014,.1399118,69165
67,2014,.10094251,72784
68,2014,.077370018,74008
69,2014,.05847853,70077
70,2014,.040180553,65355
71,2014,.0306635,58930
72,2014,.022600636,54379
73,2014,.018574223,47539
74,2014,.014644948,45613
75,2014,.0099770129,42197
76,2014,.0090366667,40391
77,2014,.0084993429,37297
78,2014,.0075571127,34537
79,2014,.0073206904,31691
80,2014,.0070799515,28955
25,2015,.98606795,76299
26,2015,.9852764,73963
27,2015,.98304117,71880
28,2015,.98160565,69206
29,2015,.9806121,67929
30,2015,.97899652,66370
31,2015,.97731477,64315
32,2015,.97483617,63027
33,2015,.97356659,64199
34,2015,.97261518,63977
35,2015,.97174615,67566
36,2015,.96816283,68819
37,2015,.96647936,70643
38,2015,.96453655,70044
39,2015,.95979768,73553
40,2015,.95770663,78523
41,2015,.95301461,77407
42,2015,.94971693,77362
43,2015,.94883865,80725
44,2015,.94369727,79339
45,2015,.93887711,75749
46,2015,.93357217,75932
47,2015,.92950851,78818
48,2015,.92676175,84150
49,2015,.9229275,89578
50,2015,.91706282,86463
51,2015,.90792978,83697
52,2015,.90552747,81918
53,2015,.89837569,77570
54,2015,.89301348,74944
55,2015,.8854745,74717
56,2015,.8785013,71795
57,2015,.87112576,71240
58,2015,.86602211,70646
59,2015,.85620886,70818
60,2015,.84840953,69193
61,2015,.67944396,67907
62,2015,.55097342,68212
63,2015,.48384809,66277
64,2015,.43047914,65074
65,2015,.20638721,66414
66,2015,.1463664,65541
67,2015,.10993401,68341
68,2015,.08126992,71847
69,2015,.063686587,72951
70,2015,.044369046,68967
71,2015,.032507788,64200
72,2015,.025481451,57846
73,2015,.019244155,53159
74,2015,.015892841,46436
75,2015,.012114935,44408
76,2015,.0087952251,41045
77,2015,.0079758679,39118
78,2015,.0080674328,35947
79,2015,.0070164828,33065
80,2015,.0067309923,30159
25,2016,.98731989,76892
26,2016,.98583221,77147
27,2016,.98495334,74834
28,2016,.98266733,72695
29,2016,.981121,69866
30,2016,.98019588,68622
31,2016,.97860801,66941
32,2016,.97696137,64891
33,2016,.97455215,63581
34,2016,.97296464,64693
35,2016,.97229463,64464
36,2016,.97134578,67983
37,2016,.96782398,69182
38,2016,.96565759,70991
39,2016,.96354032,70242
40,2016,.95888484,73817
41,2016,.95653558,78708
42,2016,.95158672,77644
43,2016,.94787604,77450
44,2016,.94739705,80908
45,2016,.94228858,79447
46,2016,.93752557,75855
47,2016,.93236786,75955
48,2016,.92785859,78859
49,2016,.92480212,84138
50,2016,.92056614,89521
51,2016,.91442335,86367
52,2016,.90551114,83576
53,2016,.90305221,81776
54,2016,.89629936,77338
55,2016,.89049608,74664
56,2016,.88281667,74456
57,2016,.87599766,71418
58,2016,.86796606,70906
59,2016,.86304355,70234
60,2016,.85391754,70337
61,2016,.77490532,68660
62,2016,.59727192,67373
63,2016,.488094,67571
64,2016,.45470202,65610
65,2016,.21957853,64346
66,2016,.15136608,65662
67,2016,.11429984,64707
68,2016,.088223509,67397
69,2016,.066408619,70789
70,2016,.048464097,71847
71,2016,.035445806,67709
72,2016,.026914455,62903
73,2016,.021459833,56664
74,2016,.016639704,51924
75,2016,.013042998,45235
76,2016,.010338672,43139
77,2016,.0078447144,39772
78,2016,.0073445579,37715
79,2016,.007556675,34539
80,2016,.0065981476,31524
25,2017,.98833752,80343
26,2017,.98678553,77642
27,2017,.98544937,77866
28,2017,.98435122,75533
29,2017,.98206156,73139
30,2017,.98039967,70356
31,2017,.97960484,68987
32,2017,.9779318,67382
33,2017,.97645831,65246
34,2017,.97428447,64008
35,2017,.97234309,65047
36,2017,.97134256,64765
37,2017,.97038555,68210
38,2017,.96664935,69384
39,2017,.96433985,71228
40,2017,.9618789,70381
41,2017,.9571135,73986
42,2017,.95532888,78910
43,2017,.94998008,77789
44,2017,.9461149,77591
45,2017,.94537354,81023
46,2017,.93974477,79462
47,2017,.93528992,75846
48,2017,.92972779,75976
49,2017,.92480743,78811
50,2017,.92223638,84101
51,2017,.91760743,89377
52,2017,.91187829,86233
53,2017,.90255195,83388
54,2017,.89988112,81603
55,2017,.89353067,77102
56,2017,.88724667,74357
57,2017,.87914801,74132
58,2017,.87185585,71084
59,2017,.8640303,70501
60,2017,.85954887,69825
61,2017,.84816647,69866
62,2017,.65813583,68106
63,2017,.52523863,66842
64,2017,.45366305,66966
65,2017,.23488465,64934
66,2017,.15990889,63655
67,2017,.11862447,64877
68,2017,.091010109,63894
69,2017,.071686581,66442
70,2017,.05071684,69681
71,2017,.038206734,70642
72,2017,.029376335,66414
73,2017,.022468077,61554
74,2017,.018619183,55373
75,2017,.013542367,50582
76,2017,.011492684,43941
77,2017,.009492158,41824
78,2017,.0071633239,38390
79,2017,.0069636344,36188
80,2017,.0071426411,33041
25,2018,.98834914,80080
26,2018,.98745322,80738
27,2018,.98591477,78096
28,2018,.98451632,78276
29,2018,.98343784,75896
30,2018,.98109174,73407
31,2018,.97934985,70508
32,2018,.97874832,69218
33,2018,.9768976,67612
34,2018,.97545093,65420
35,2018,.97283834,64245
36,2018,.97090662,65307
37,2018,.96966755,64914
38,2018,.96864587,68444
39,2018,.96472752,69601
40,2018,.96242011,71368
41,2018,.95959765,70590
42,2018,.95456874,74090
43,2018,.95267814,78991
44,2018,.9470197,77878
45,2018,.94333303,77629
46,2018,.94266218,81046
47,2018,.93663865,79528
48,2018,.93141484,75789
49,2018,.92622328,75986
50,2018,.92113316,78753
51,2018,.91862416,83993
52,2018,.9134146,89149
53,2018,.90730518,86035
54,2018,.89836335,83159
55,2018,.89557248,81310
56,2018,.88921863,76827
57,2018,.88259542,73992
58,2018,.87361294,73718
59,2018,.8672787,70697
60,2018,.85919136,70017
61,2018,.85376364,69374
62,2018,.77522725,69310
63,2018,.5834778,67485
64,2018,.47659048,66191
65,2018,.24197173,66297
66,2018,.17219235,64155
67,2018,.1252685,62849
68,2018,.095140591,63979
69,2018,.073617779,62906
70,2018,.055193514,65370
71,2018,.040606469,68462
72,2018,.032098517,69349
73,2018,.025152978,65042
74,2018,.019447356,60111
75,2018,.01501039,53896
76,2018,.011778108,49159
77,2018,.0098546501,42518
78,2018,.0086786188,40329
79,2018,.0065045939,36897
80,2018,.00635324,34628
25,2019,.98748899,81528
26,2019,.98688358,79976
27,2019,.98586446,80577
28,2019,.98442489,78009
29,2019,.98256934,78253
30,2019,.98187464,75695
31,2019,.97954172,73271
32,2019,.97770345,70280
33,2019,.97687501,69146
34,2019,.97547728,67570
35,2019,.97342747,65293
36,2019,.97101879,64145
37,2019,.96881229,65250
38,2019,.96731222,64856
39,2019,.9661091,68455
40,2019,.96154732,69566
41,2019,.95892578,71383
42,2019,.95627898,70561
43,2019,.95094562,74081
44,2019,.94887739,78967
45,2019,.94323784,77904
46,2019,.93940645,77632
47,2019,.93810052,80970
48,2019,.93271202,79405
49,2019,.92624813,75632
50,2019,.92122984,75879
51,2019,.91615063,78641
52,2019,.91364169,83802
53,2019,.90835881,88912
54,2019,.90162808,85746
55,2019,.89271879,82857
56,2019,.88966388,81007
57,2019,.88226372,76459
58,2019,.87547165,73678
59,2019,.86743271,73276
60,2019,.86025381,70213
61,2019,.85210651,69523
62,2019,.84199667,68815
63,2019,.66452664,68691
64,2019,.5168255,66833
65,2019,.35605609,65529
66,2019,.18584354,65539
67,2019,.13763916,63325
68,2019,.10110074,61958
69,2019,.07704021,63045
70,2019,.058000483,61965
71,2019,.043846823,64292
72,2019,.033664279,67282
73,2019,.026667256,67911
74,2019,.021901138,63604
75,2019,.015856201,58526
76,2019,.012856707,52424
77,2019,.010610858,47687
78,2019,.0088918125,41049
79,2019,.0077965665,38735
80,2019,.005523297,35305
25,2020,.98760754,81824
26,2020,.98602408,81569
27,2020,.9850778,79881
28,2020,.98380989,80543
29,2020,.98230612,77880
30,2020,.98042428,78158
31,2020,.97993815,75666
32,2020,.97717756,73305
33,2020,.97520953,70390
34,2020,.97426838,69331
35,2020,.97281599,67650
36,2020,.97096378,65401
37,2020,.96836716,64237
38,2020,.96584678,65294
39,2020,.96415269,64970
40,2020,.96283966,68487
41,2020,.95798308,69591
42,2020,.95516372,71460
43,2020,.95189655,70681
44,2020,.94631541,74174
45,2020,.94435799,79059
46,2020,.93855095,77967
47,2020,.93418574,77582
48,2020,.93356466,80981
49,2020,.92714357,79389
50,2020,.92093885,75625
51,2020,.91603094,75766
52,2020,.91054112,78483
53,2020,.90758663,83700
54,2020,.90224606,88733
55,2020,.8951878,85553
56,2020,.88650036,82617
57,2020,.88343328,80692
58,2020,.87445003,76137
59,2020,.86829019,73381
60,2020,.85889721,72798
61,2020,.83146358,69795
62,2020,.81855994,68998
63,2020,.68171424,68228
64,2020,.57909501,68089
65,2020,.45495871,66217
66,2020,.22110917,64787
67,2020,.14667614,64714
68,2020,.10991541,62539
69,2020,.08061213,61033
70,2020,.059770521,62054
71,2020,.046463519,60908
72,2020,.035379451,63144
73,2020,.027783673,65974
74,2020,.02255526,66459
75,2020,.017069748,61981
76,2020,.01307718,56893
77,2020,.011239051,50805
78,2020,.0092214895,46088
79,2020,.0083024204,39627
80,2020,.0070874207,37108
25,2021,.98614764,79048
26,2021,.98582846,82348
27,2021,.9840796,82033
28,2021,.98304516,80331
29,2021,.98174047,80944
30,2021,.97974986,78271
31,2021,.97814,78408
32,2021,.97761607,75992
33,2021,.97432768,73815
34,2021,.97281271,70842
35,2021,.97166353,69804
36,2021,.97025466,67977
37,2021,.96794397,65791
38,2021,.96516025,64524
39,2021,.96244287,65660
40,2021,.96060133,65256
41,2021,.95910156,68829
42,2021,.95384306,69762
43,2021,.95083869,71662
44,2021,.94770497,70848
45,2021,.94202995,74366
46,2021,.94001669,79222
47,2021,.93381226,78096
48,2021,.92923874,77712
49,2021,.92864805,81105
50,2021,.92223185,79467
51,2021,.91511643,75633
52,2021,.91008317,75770
53,2021,.90429085,78446
54,2021,.90131903,83623
55,2021,.89616519,88583
56,2021,.88884985,85344
57,2021,.8794229,82412
58,2021,.87602288,80410
59,2021,.86708719,75779
60,2021,.86045045,72992
61,2021,.82704085,72335
62,2021,.80256844,69381
63,2021,.68827128,68473
64,2021,.60579991,67656
65,2021,.5231725,67429
66,2021,.33337915,65463
67,2021,.16320448,64073
68,2021,.11827789,63875
69,2021,.089056209,61624
70,2021,.063783407,60094
71,2021,.049127925,61004
72,2021,.039253399,59791
73,2021,.030219736,61847
74,2021,.024128353,64447
75,2021,.017579028,64850
76,2021,.014355021,60188
77,2021,.011552203,55141
78,2021,.010000409,48998
79,2021,.0082882885,44400
80,2021,.008278626,37929
25,2022,.98501569,80284
26,2022,.98427248,80178
27,2022,.98403996,83521
28,2022,.98209089,83198
29,2022,.9806459,81378
30,2022,.97915423,82031
31,2022,.9772833,79457
32,2022,.97585982,79494
33,2022,.9749971,77191
34,2022,.97115165,74909
35,2022,.96963501,71925
36,2022,.96906012,70944
37,2022,.96745586,69014
38,2022,.96457225,66812
39,2022,.96154904,65512
40,2022,.9585759,66483
41,2022,.95698434,66069
42,2022,.95496166,69674
43,2022,.94947404,70538
44,2022,.94691098,72256
45,2022,.94280154,71418
46,2022,.93740475,74798
47,2022,.93456936,79611
48,2022,.92861962,78537
49,2022,.92406297,78012
50,2022,.92297959,81394
51,2022,.9166792,79608
52,2022,.90916038,75881
53,2022,.90347064,75894
54,2022,.89825934,78592
55,2022,.89557678,83717
56,2022,.88866049,88531
57,2022,.88166153,85247
58,2022,.87172419,82346
59,2022,.86763716,80234
60,2022,.85856426,75681
61,2022,.82668591,72810
62,2022,.7979694,72098
63,2022,.74628162,69049
64,2022,.60572147,68094
65,2022,.53211558,67226
66,2022,.46992615,66902
67,2022,.20094143,64795
68,2022,.13009426,63331
69,2022,.09960071,63112
70,2022,.072936028,60793
71,2022,.054739337,59080
72,2022,.043083031,59954
73,2022,.035538882,58640
74,2022,.027761253,60516
75,2022,.020734616,62890
76,2022,.016128009,63058
77,2022,.013229372,58355
78,2022,.011000376,53180
79,2022,.0098259766,47120
80,2022,.0079081152,42488
25,2023,.98416072,78539
26,2023,.98256409,81097
27,2023,.98160875,80908
28,2023,.98112828,84147
29,2023,.9786942,83733
30,2023,.97742158,81848
31,2023,.97553539,82650
32,2023,.97372866,79973
33,2023,.97187966,80120
34,2023,.97114247,77692
35,2023,.96694815,75427
36,2023,.96521342,72413
37,2023,.96411103,71359
38,2023,.96291393,69487
39,2023,.95962733,67298
40,2023,.95642608,65911
41,2023,.95295668,66917
42,2023,.95143449,66364
43,2023,.94899797,69958
44,2023,.94326693,70770
45,2023,.94126165,72491
46,2023,.93663448,71632
47,2023,.93012559,75006
48,2023,.92756712,79729
49,2023,.92194676,78613
50,2023,.91634303,78021
51,2023,.91596514,81371
52,2023,.90920848,79655
53,2023,.90135235,75795
54,2023,.89478892,75800
55,2023,.89028448,78421
56,2023,.88667607,83504
57,2023,.87974083,88276
58,2023,.87152237,84972
59,2023,.86169565,81928
60,2023,.85781229,79810
61,2023,.82477075,75347
62,2023,.79833615,72363
63,2023,.77230334,71626
64,2023,.64683551,68495
65,2023,.54437256,67553
66,2023,.49173751,66566
67,2023,.23556806,66138
68,2023,.15484355,64013
69,2023,.10804922,62416
70,2023,.081997551,62136
71,2023,.061311986,59711
72,2023,.046347104,57954
73,2023,.037050262,58812
74,2023,.031141024,57352
75,2023,.023054266,59078
76,2023,.018798776,61121
77,2023,.014744387,61108
78,2023,.011999432,56336
79,2023,.01040424,51133
80,2023,.0090737659,45075
25,2024,.98232943,79058
26,2024,.98173791,79509
27,2024,.97982192,81772
28,2024,.97905618,81647
29,2024,.97809833,84788
30,2024,.97543734,84315
31,2024,.97422647,82449
32,2024,.97230232,83220
33,2024,.97017574,80505
34,2024,.9683637,80730
35,2024,.96727079,78126
36,2024,.96255106,75890
37,2024,.96144819,72837
38,2024,.96001559,71753
39,2024,.9585588,69858
40,2024,.9542495,67584
41,2024,.95099592,66219
42,2024,.94750482,67130
43,2024,.94583189,66589
44,2024,.9430986,70174
45,2024,.93750882,70954
46,2024,.93466914,72615
47,2024,.93009412,71725
48,2024,.92331374,75033
49,2024,.920708,79718
50,2024,.91521311,78656
51,2024,.90918881,77986
52,2024,.90862912,81306
53,2024,.90207052,79496
54,2024,.89367783,75591
55,2024,.88740832,75645
56,2024,.88193488,78228
57,2024,.87790924,83184
58,2024,.87105834,87970
59,2024,.86257535,84570
60,2024,.85154277,81606
61,2024,.84433281,79413
62,2024,.7976712,74888
63,2024,.77372062,71889
64,2024,.66642749,71082
65,2024,.57318741,67901
66,2024,.50246519,66932
67,2024,.24470446,65810
68,2024,.17548345,65311
69,2024,.12100439,63163
70,2024,.084283277,61495
71,2024,.066762619,61142
72,2024,.050734155,58639
73,2024,.038946405,56796
74,2024,.031736381,57568
75,2024,.025538379,55955
76,2024,.019948866,57497
77,2024,.016515832,59337
78,2024,.01364275,59079
79,2024,.010943055,54281
80,2024,.0093112532,48973
